{"cameraMode":{"drawMode":0,"name":"Shaded","section":"Shading Mode"},"sceneLighting":false,"audioPlay":false,"sceneViewState":{"showFog":true,"showMaterialUpdate":false,"showSkybox":false,"showFlares":true,"showImageEffects":true,"showParticleSystems":true,"showVisualEffectGraphs":true,"m_FxEnabled":true},"in2DMode":false,"pivot":{"x":0.5982034802436829,"y":0.1400364339351654,"z":-0.4729999899864197},"rotation":{"x":-0.013393191620707512,"y":0.9759523272514343,"z":-0.2083328366279602,"w":-0.06274145096540451},"size":0.12247452139854431,"orthographic":false}