{"cameraMode":{"drawMode":0,"name":"Shaded","section":"Shading Mode"},"sceneLighting":false,"audioPlay":false,"sceneViewState":{"m_AlwaysRefresh":false,"showFog":true,"showSkybox":false,"showFlares":true,"showImageEffects":true,"showParticleSystems":true,"showVisualEffectGraphs":true,"m_FxEnabled":true},"in2DMode":false,"pivot":{"x":0.6607930660247803,"y":1.4658010005950928,"z":0.3927780091762543},"rotation":{"x":-0.14219330251216889,"y":0.6732008457183838,"z":-0.13422949612140656,"w":-0.7131388783454895},"size":0.8660253882408142,"orthographic":false}