{"cameraMode":{"drawMode":0,"name":"Shaded","section":"Shading Mode"},"sceneLighting":false,"audioPlay":false,"sceneViewState":{"m_AlwaysRefresh":false,"showFog":true,"showSkybox":false,"showFlares":true,"showImageEffects":true,"showParticleSystems":true,"showVisualEffectGraphs":true,"m_FxEnabled":true},"in2DMode":false,"pivot":{"x":0.0000013709068298339844,"y":0.5127285718917847,"z":0.0000015497207641601563},"rotation":{"x":-0.06047141179442406,"y":0.757530927658081,"z":-0.07088654488325119,"w":-0.6461281180381775},"size":1.2559258937835694,"orthographic":false}