{"cameraMode":{"drawMode":0,"name":"Shaded","section":"Shading Mode"},"sceneLighting":false,"audioPlay":false,"sceneViewState":{"m_AlwaysRefresh":false,"showFog":true,"showSkybox":false,"showFlares":true,"showImageEffects":true,"showParticleSystems":true,"showVisualEffectGraphs":true,"m_FxEnabled":true},"in2DMode":false,"pivot":{"x":-21.68000030517578,"y":1.025040626525879,"z":2.869999885559082},"rotation":{"x":-0.03177523985505104,"y":-0.04318055137991905,"z":0.0013813622063025833,"w":-0.9985779523849487},"size":1.4345864057540894,"orthographic":false}